#	Company	Symbol	Weight	      Price	Chg	% Chg
1	Apple Inc.	AAPL	7.38%	   229.97	-9.10	(-3.81%)
2	Microsoft Corp	MSFT	5.97%	   385.29	-8.02	(-2.04%)
3	Nvidia Corp	NVDA	5.64%	   108.80	-3.89	(-3.45%)
4	Amazon.com Inc	AMZN	3.81%	   193.61	-5.64	(-2.83%)
5	Meta Platforms, Inc. Class A	META	2.78%	   599.88	-25.78	(-4.12%)
6	Alphabet Inc. Class A	GOOGL	2.07%	   166.73	-7.14	(-4.10%)
7	Broadcom Inc.	AVGO	1.86%	   185.68	-9.28	(-4.76%)
8	Berkshire Hathaway Class B	BRK.B	1.85%	   492.33	-3.29	(-0.66%)
9	Alphabet Inc. Class C	GOOG	1.71%	   168.74	-7.01	(-3.99%)
10	Tesla, Inc.	TSLA	1.50%	   241.20	-21.47	(-8.17%)
11	Eli Lilly & Co.	LLY	1.40%	   846.02	-23.56	(-2.71%)
12	Jpmorgan Chase & Co.	JPM	1.39%	   234.70	-7.58	(-3.13%)
13	Visa Inc.	V	1.22%	   342.56	-2.76	(-0.80%)
14	Exxon Mobil Corporation	XOM	0.98%	   110.35	1.33	(1.22%)
15	Unitedhealth Group Incorporated	UNH	0.92%	   490.39	-3.09	(-0.63%)
16	Mastercard Incorporated	MA	0.91%	   542.56	-4.21	(-0.77%)
17	Costco Wholesale Corp	COST	0.87%	   932.71	-31.60	(-3.28%)
18	Procter & Gamble Company	PG	0.85%	   177.87	1.92	(1.09%)
19	Johnson & Johnson	JNJ	0.82%	   168.50	1.81	(1.09%)
20	Walmart Inc.	WMT	0.81%	   88.20	-3.52	(-3.84%)
21	Netflix Inc	NFLX	0.78%	   869.43	-21.68	(-2.43%)
22	Abbvie Inc.	ABBV	0.77%	   215.81	1.52	(0.71%)
23	Home Depot, Inc.	HD	0.76%	   380.81	4.01	(1.06%)
24	Coca-Cola Company	KO	0.57%	   72.44	1.01	(1.41%)
25	Bank of America Corporation	BAC	0.56%	   40.47	-0.93	(-2.24%)
26	Salesforce, Inc.	CRM	0.55%	   274.90	-7.99	(-2.82%)
27	Chevron Corporation	CVX	0.53%	   158.71	2.37	(1.51%)
28	Cisco Systems, Inc.	CSCO	0.52%	   63.56	-0.38	(-0.59%)
29	Oracle Corp	ORCL	0.51%	   148.65	-6.51	(-4.19%)
30	International Business Machines Corporation	IBM	0.49%	   263.67	2.13	(0.81%)
31	Merck & Co., Inc.	MRK	0.49%	   95.56	0.91	(0.96%)
32	Abbott Laboratories	ABT	0.49%	   137.64	0.50	(0.36%)
33	Wells Fargo & Co.	WFC	0.48%	   68.03	-3.02	(-4.25%)
34	Philip Morris International Inc.	PM	0.48%	   150.69	-0.26	(-0.17%)
35	Mcdonald's Corporation	MCD	0.47%	   323.27	1.98	(0.62%)
36	Linde Plc	LIN	0.46%	   469.08	0.31	(0.07%)
37	Accenture Plc	ACN	0.44%	   336.28	-5.90	(-1.73%)
38	Pepsico, Inc.	PEP	0.43%	   157.75	3.31	(2.14%)
39	Ge Aerospace	GE	0.43%	   190.28	-3.57	(-1.84%)
40	Thermo Fisher Scientific, Inc.	TMO	0.42%	   529.08	-2.63	(-0.49%)
41	Adobe Inc.	ADBE	0.40%	   442.03	-7.37	(-1.64%)
42	At&t Inc.	T	0.40%	   27.11	-0.01	(-0.03%)
43	Verizon Communications	VZ	0.40%	   47.17	1.11	(2.41%)
44	The Walt Disney Company	DIS	0.39%	   103.27	-2.24	(-2.13%)
45	Intuitive Surgical Inc.	ISRG	0.38%	   488.85	-29.41	(-5.68%)
46	Qualcomm Inc	QCOM	0.37%	   157.88	-3.34	(-2.07%)
47	Goldman Sachs Group Inc.	GS	0.36%	   537.47	-22.20	(-3.97%)
48	Servicenow, Inc.	NOW	0.36%	   806.54	-44.09	(-5.18%)
49	Amgen Inc	AMGN	0.36%	   333.10	8.24	(2.54%)
50	Palantir Technologies Inc. Class A	PLTR	0.36%	   79.12	-5.79	(-6.82%)
51	Texas Instruments Incorporated	TXN	0.35%	   187.80	-2.72	(-1.43%)
52	Rtx Corporation	RTX	0.35%	   127.99	-0.41	(-0.32%)
53	Intuit Inc	INTU	0.35%	   590.69	-18.93	(-3.10%)
54	Caterpillar Inc.	CAT	0.35%	   347.85	-2.45	(-0.70%)
55	Progressive Corporation	PGR	0.33%	   281.17	1.35	(0.48%)
56	Advanced Micro Devices	AMD	0.33%	   98.62	-1.69	(-1.68%)
57	Uber Technologies, Inc.	UBER	0.33%	   73.32	-2.95	(-3.86%)
58	S&p Global Inc.	SPGI	0.32%	   489.03	-7.98	(-1.60%)
59	Booking Holdings Inc.	BKNG	0.32%	   4,488.42	-184.96	(-3.96%)
60	American Express Company	AXP	0.31%	   266.55	-6.66	(-2.44%)
61	Pfizer Inc.	PFE	0.31%	   27.08	0.35	(1.32%)
62	Union Pacific Corp.	UNP	0.31%	   248.68	-0.63	(-0.25%)
63	Nextra Energy, Inc.	NEE	0.31%	   74.71	1.88	(2.58%)
64	Morgan Stanley	MS	0.30%	   113.95	-5.34	(-4.48%)
65	Gilead Sciences Inc	GILD	0.30%	   118.89	1.48	(1.26%)
66	Boston Scientific Corp.	BSX	0.30%	   94.12	-5.01	(-5.05%)
67	Comcast Corp	CMCSA	0.29%	   37.57	-0.02	(-0.06%)
68	Honeywell International, Inc.	HON	0.28%	   215.35	0.83	(0.39%)
69	Blackrock, Inc.	BLK	0.28%	   925.76	-21.16	(-2.23%)
70	Lowe's Companies Inc.	LOW	0.28%	   246.10	3.44	(1.42%)
71	Danaher Corporation	DHR	0.28%	   207.48	-4.59	(-2.16%)
72	Tjx Companies, Inc.	TJX	0.27%	   118.71	-0.56	(-0.47%)
73	Citigroup Inc.	C	0.27%	   67.59	-2.88	(-4.08%)
74	Stryker Corporation	SYK	0.27%	   373.86	-5.44	(-1.43%)
75	T-Mobile Us, Inc.	TMUS	0.26%	   269.46	4.22	(1.59%)
76	Applied Materials Inc	AMAT	0.26%	   152.46	-3.22	(-2.07%)
77	The Charles Schwab Corporation	SCHW	0.26%	   72.19	-2.44	(-3.27%)
78	Deere & Company	DE	0.26%	   497.58	-2.04	(-0.41%)
79	Vertex Pharmaceuticals Inc	VRTX	0.26%	   491.28	2.99	(0.61%)
80	Automatic Data Processing	ADP	0.25%	   306.69	0.24	(0.08%)
81	Fiserv, Inc.	FI	0.25%	   215.16	-2.88	(-1.32%)
82	Bristol-Myers Squibb Co.	BMY	0.25%	   62.24	1.15	(1.89%)
83	Medtronic Plc	MDT	0.25%	   95.83	1.33	(1.40%)
84	Starbucks Corp	SBUX	0.25%	   102.84	-3.64	(-3.42%)
85	Palo Alto Networks, Inc.	PANW	0.24%	   174.43	-6.50	(-3.59%)
86	Conocophillips	COP	0.24%	   91.27	0.64	(0.71%)
87	Marsh & Mclennan Companies, Inc.	MMC	0.24%	   235.62	0.13	(0.06%)
88	Boeing Company	BA	0.24%	   149.20	-4.98	(-3.23%)
89	Eaton Corporation, Plcs	ETN	0.23%	   277.46	-7.53	(-2.64%)
90	Analog Devices, Inc.	ADI	0.23%	   218.56	-7.30	(-3.23%)
91	Prologis, Inc.	PLD	0.23%	   118.80	-1.11	(-0.93%)
92	Chubb Limited	CB	0.22%	   288.31	1.72	(0.60%)
93	Blackstone Inc.	BX	0.21%	   140.93	-4.22	(-2.91%)
94	Micron Technology, Inc.	MU	0.21%	   90.12	-2.84	(-3.06%)
95	Lam Research Corp	LRCX	0.21%	   76.20	-2.81	(-3.56%)
96	The Southern Company	SO	0.20%	   92.68	1.28	(1.40%)
97	Lockheed Martin Corp.	LMT	0.20%	   487.38	13.73	(2.90%)
98	American Tower Corporation	AMT	0.20%	   215.28	2.99	(1.41%)
99	Altria Group, Inc.	MO	0.20%	   58.77	0.98	(1.70%)
100	Intercontinental Exchange Inc.	ICE	0.20%	   170.01	-0.23	(-0.13%)
101	Kla Corporation	KLAC	0.19%	   688.27	-23.02	(-3.24%)
102	Elevance Health, Inc.	ELV	0.19%	   414.00	4.54	(1.11%)
103	Nike, Inc.	NKE	0.19%	   79.82	1.23	(1.57%)
104	Cme Group Inc.	CME	0.19%	   257.75	3.18	(1.25%)
105	Mondelez International, Inc. Class A	MDLZ	0.18%	   68.78	1.04	(1.53%)
106	Duke Energy Corporation	DUK	0.18%	   118.39	1.65	(1.41%)
107	The Cigna Group	CI	0.18%	   327.12	6.10	(1.90%)
108	United Parcel Service, Inc. Class B	UPS	0.18%	   123.02	1.39	(1.15%)
109	Intel Corp	INTC	0.18%	   20.02	-0.62	(-3.00%)
110	Welltower Inc.	WELL	0.18%	   144.27	-3.18	(-2.16%)
111	Aon Plc Class A	AON	0.18%	   402.53	-0.56	(-0.14%)
112	Arista Networks	ANET	0.18%	   78.39	-4.97	(-5.96%)
113	The Sherwin-Williams Company	SHW	0.17%	   361.80	-1.82	(-0.50%)
114	Waste Management, Inc.	WM	0.17%	   229.82	0.27	(0.12%)
115	Cvs Health Corporation	CVS	0.17%	   66.25	-0.08	(-0.13%)
116	Equinix, Inc. Reit	EQIX	0.17%	   841.26	-18.26	(-2.12%)
117	Mckesson Corporation	MCK	0.17%	   647.97	3.75	(0.58%)
118	Parker-Hannifin Corporation	PH	0.17%	   616.41	-18.34	(-2.89%)
119	Arthur J. Gallagher & Co.	AJG	0.17%	   321.78	-2.22	(-0.68%)
120	Ge Vernova Inc.	GEV	0.16%	   272.40	-16.90	(-5.84%)
121	3m Company	MMM	0.16%	   147.55	1.25	(0.86%)
122	Colgate-Palmolive Company	CL	0.16%	   99.09	2.35	(2.43%)
123	Kkr & Co. Inc.	KKR	0.16%	   107.92	-7.35	(-6.38%)
124	Trane Technologies Plc	TT	0.16%	   337.72	-7.04	(-2.04%)
125	Crowdstrike Holdings, Inc. Class A	CRWD	0.16%	   310.65	-22.85	(-6.85%)
126	Zoetis Inc.	ZTS	0.16%	   175.01	4.64	(2.72%)
127	O'reilly Automotive, Inc.	ORLY	0.16%	   1,337.60	18.59	(1.41%)
128	Amphenol Corporation	APH	0.15%	   61.76	-1.17	(-1.86%)
129	Transdigm Group Incorporated	TDG	0.15%	   1,335.40	-6.19	(-0.46%)
130	Regeneron Pharmaceuticals Inc	REGN	0.15%	   729.61	22.10	(3.12%)
131	Illinois Tool Works Inc.	ITW	0.15%	   274.64	0.15	(0.06%)
132	Moody's Corporation	MCO	0.15%	   453.89	-7.63	(-1.65%)
133	Pnc Financial Services Group	PNC	0.15%	   177.04	-2.73	(-1.52%)
134	Motorola Solutions, Inc.	MSI	0.14%	   418.72	-4.41	(-1.04%)
135	Paypal Holdings, Inc.	PYPL	0.14%	   69.08	-1.40	(-1.99%)
136	Eog Resources, Inc.	EOG	0.14%	   125.84	0.58	(0.46%)
137	Air Products & Chemicals, Inc.	APD	0.14%	   311.88	-4.53	(-1.43%)
138	General Dynamics Corporation	GD	0.14%	   276.51	4.95	(1.82%)
139	U.S. Bancorp	USB	0.14%	   43.98	-0.74	(-1.65%)
140	Cintas Corp	CTAS	0.14%	   203.69	0.63	(0.31%)
141	Synopsys Inc	SNPS	0.14%	   434.21	-16.67	(-3.70%)
142	Chipotle Mexican Grill, Inc.	CMG	0.14%	   49.58	-0.65	(-1.30%)
143	Ecolab, Inc.	ECL	0.14%	   268.65	-0.61	(-0.23%)
144	Emerson Electric Co.	EMR	0.14%	   113.94	-4.67	(-3.94%)
145	Cadence Design Systems	CDNS	0.14%	   234.11	-9.10	(-3.74%)
146	Northrop Grumman Corp.	NOC	0.14%	   501.10	14.58	(3.00%)
147	Constellation Energy Corporation	CEG	0.14%	   199.11	-13.44	(-6.32%)
148	Williams Companies Inc.	WMB	0.14%	   53.55	-0.84	(-1.54%)
149	Becton, Dickinson and Co.	BDX	0.13%	   232.00	2.46	(1.07%)
150	Capital One Financial	COF	0.13%	   165.08	-8.09	(-4.67%)
151	Fortinet, Inc.	FTNT	0.13%	   97.81	-3.47	(-3.43%)
152	Roper Technologies, Inc.	ROP	0.13%	   585.13	-3.25	(-0.55%)
153	Bank of New York Mellon Corporation	BK	0.13%	   85.78	-0.06	(-0.07%)
154	Autozone, Inc.	AZO	0.12%	   3,657.95	42.98	(1.19%)
155	Marriot International Class A	MAR	0.12%	   260.06	-2.69	(-1.02%)
156	Csx Corporation	CSX	0.12%	   31.32	0.06	(0.20%)
157	Hilton Worldwide Holdings Inc.	HLT	0.12%	   241.65	-5.49	(-2.22%)
158	Hca Healthcare, Inc.	HCA	0.12%	   340.90	10.75	(3.26%)
159	Apollo Global Management, Inc.	APO	0.12%	   125.54	-6.86	(-5.18%)
160	Schlumberger Limited	SLB	0.12%	   41.37	-0.00	(-0.01%)
161	The Travelers Companies, Inc.	TRV	0.12%	   258.32	0.62	(0.24%)
162	Airbnb, Inc. Class A	ABNB	0.12%	   133.23	-1.16	(-0.86%)
163	Paccar Inc	PCAR	0.12%	   113.87	3.81	(3.46%)
164	Fedex Corporation	FDX	0.12%	   248.20	-5.72	(-2.25%)
165	Nxp Semiconductors N.v.	NXPI	0.12%	   213.66	-8.90	(-4.00%)
166	Carrier Global Corporation	CARR	0.11%	   67.06	-0.33	(-0.49%)
167	Truist Financial Corporation	TFC	0.11%	   40.98	-1.21	(-2.86%)
168	Autodesk Inc	ADSK	0.11%	   252.95	-6.80	(-2.62%)
169	American Electric Power Company, Inc.	AEP	0.11%	   107.22	2.60	(2.49%)
170	Oneok, Inc.	OKE	0.11%	   89.83	0.26	(0.29%)
171	Norfolk Southern Corp.	NSC	0.11%	   244.51	2.29	(0.94%)
172	Aflac Inc.	AFL	0.11%	   107.39	-1.02	(-0.94%)
173	Workday, Inc. Class A	WDAY	0.11%	   246.72	-5.66	(-2.24%)
174	Johnson Controls International Plc	JCI	0.11%	   78.10	-1.97	(-2.45%)
175	Freeport-Mcmoran Inc.	FCX	0.11%	   35.17	-1.77	(-4.79%)
176	Target Corporation	TGT	0.11%	   114.31	-0.77	(-0.67%)
177	Royal Caribbean Group	RCL	0.11%	   203.11	-10.89	(-5.09%)
178	The Allstate Corporation	ALL	0.11%	   200.63	-0.10	(-0.05%)
179	General Motors Company	GM	0.11%	   48.04	0.60	(1.26%)
180	Phillips 66	PSX	0.11%	   126.85	0.67	(0.53%)
181	Simon Property Group, Inc.	SPG	0.11%	   167.98	-3.12	(-1.82%)
182	Realty Income Corporation	O	0.10%	   59.44	0.96	(1.64%)
183	American International Group, Inc.	AIG	0.10%	   81.59	0.07	(0.08%)
184	Howmet Aerospace Inc.	HWM	0.10%	   121.60	-2.80	(-2.25%)
185	Kinder Morgan, Inc.	KMI	0.10%	   25.96	-0.18	(-0.68%)
186	Newmont Corporation	NEM	0.10%	   43.66	-0.21	(-0.49%)
187	Public Storage	PSA	0.10%	   318.28	4.30	(1.37%)
188	Paychex Inc	PAYX	0.10%	   156.08	2.60	(1.69%)
189	Ameriprise Financial, Inc.	AMP	0.10%	   487.37	-11.97	(-2.40%)
190	Kimberly-Clark Corp.	KMB	0.10%	   147.92	3.13	(2.16%)
191	Metlife, Inc.	MET	0.10%	   79.96	-2.29	(-2.78%)
192	Republic Services Inc.	RSG	0.10%	   235.57	1.39	(0.59%)
193	Copart Inc	CPRT	0.10%	   53.36	-0.38	(-0.71%)
194	Cummins Inc.	CMI	0.10%	   335.36	-6.77	(-1.98%)
195	Digital Realty Trust, Inc.	DLR	0.09%	   147.10	-2.07	(-1.39%)
196	Dominion Energy, Inc.	D	0.09%	   56.48	1.26	(2.29%)
197	Fastenal Co	FAST	0.09%	   81.34	1.36	(1.70%)
198	Yum! Brands, Inc.	YUM	0.09%	   160.76	-1.77	(-1.09%)
199	Te Connectivity Plc	TEL	0.09%	   150.47	-0.34	(-0.23%)
200	Ross Stores Inc	ROST	0.09%	   133.45	-2.51	(-1.85%)
201	Kenvue Inc.	KVUE	0.09%	   23.93	0.51	(2.19%)
202	W.W. Grainger, Inc.	GWW	0.09%	   1,026.32	18.61	(1.85%)
203	Fair Isaac Corporation	FICO	0.09%	   1,741.65	-92.48	(-5.04%)
204	Cencora, Inc.	COR	0.09%	   257.11	2.53	(0.99%)
205	The Kroger Co.	KR	0.09%	   67.59	0.89	(1.34%)
206	Marathon Petroleum Corporation	MPC	0.09%	   138.61	1.06	(0.77%)
207	Msci, Inc.	MSCI	0.09%	   551.50	-10.39	(-1.85%)
208	Sempra	SRE	0.09%	   68.70	-0.60	(-0.86%)
209	Exelon Corporation	EXC	0.09%	   43.72	0.61	(1.41%)
210	Ametek, Inc.	AME	0.09%	   182.17	-1.82	(-0.99%)
211	Crown Castle Inc.	CCI	0.09%	   100.05	2.32	(2.37%)
212	Baker Hughes Company	BKR	0.09%	   42.48	-0.41	(-0.95%)
213	Verisk Analytics, Inc.	VRSK	0.09%	   302.29	1.81	(0.60%)
214	Discover Financial Services	DFS	0.09%	   158.90	-8.62	(-5.14%)
215	Corteva, Inc.	CTVA	0.08%	   60.08	-0.48	(-0.79%)
216	Otis Worldwide Corporation	OTIS	0.08%	   105.86	1.85	(1.78%)
217	L3harris Technologies, Inc.	LHX	0.08%	   223.13	3.03	(1.38%)
218	Edwards Lifesciences Corp	EW	0.08%	   68.46	-1.87	(-2.66%)
219	United Rentals, Inc.	URI	0.08%	   608.83	-19.93	(-3.17%)
220	Cognizant Technology Solutions	CTSH	0.08%	   85.07	1.83	(2.20%)
221	Hess Corporation	HES	0.08%	   149.20	1.77	(1.20%)
222	Valero Energy Corporation	VLO	0.08%	   128.39	1.54	(1.21%)
223	Keurig Dr Pepper Inc.	KDP	0.08%	   33.76	0.42	(1.26%)
224	Targa Resources Corp.	TRGP	0.08%	   178.43	-3.48	(-1.92%)
225	Prudential Financial, Inc.	PRU	0.08%	   108.55	-2.69	(-2.42%)
226	Ge Healthcare Technologies Inc.	GEHC	0.08%	   85.50	-1.08	(-1.24%)
227	Cbre Group, Inc.	CBRE	0.08%	   126.86	-3.60	(-2.76%)
228	Public Service Enterprise Group Incorporated	PEG	0.08%	   77.57	-1.52	(-1.92%)
229	Xcel Energy, Inc.	XEL	0.08%	   69.21	1.21	(1.77%)
230	D.R. Horton Inc.	DHI	0.08%	   135.35	1.93	(1.45%)
231	Vistra Corp.	VST	0.08%	   108.75	-5.57	(-4.88%)
232	Lululemon Athletica Inc.	LULU	0.08%	   340.45	-3.91	(-1.13%)
233	Ford Motor Company	F	0.08%	   10.08	0.18	(1.86%)
234	Monster Beverage Corporation	MNST	0.08%	   56.42	1.35	(2.46%)
235	Fidelity National Information Services, Inc.	FIS	0.08%	   71.52	0.25	(0.35%)
236	Axon Enterprise, Inc.	AXON	0.08%	   512.83	-13.57	(-2.58%)
237	Sysco Corporation	SYY	0.08%	   77.58	1.03	(1.34%)
238	Gartner, Inc.	IT	0.08%	   471.49	-10.61	(-2.20%)
239	Charter Comm Inc Del Cl a	CHTR	0.07%	   370.14	-9.38	(-2.47%)
240	Agilent Technologies Inc.	A	0.07%	   124.12	-2.58	(-2.04%)
241	Quanta Services, Inc.	PWR	0.07%	   237.51	-8.52	(-3.46%)
242	Consolidated Edison, Inc.	ED	0.07%	   106.20	2.56	(2.47%)
243	General Mills, Inc.	GIS	0.07%	   65.89	1.39	(2.15%)
244	Corning Incorporated	GLW	0.07%	   45.14	-0.80	(-1.73%)
245	Idexx Laboratories Inc	IDXX	0.07%	   438.52	8.40	(1.95%)
246	Pg&e Corporation	PCG	0.07%	   15.69	-0.28	(-1.73%)
247	Entergy Corporation	ETR	0.07%	   80.64	-0.69	(-0.85%)
248	Vici Properties Inc.	VICI	0.07%	   33.51	0.86	(2.65%)
249	Ingersoll Rand Inc.	IR	0.07%	   84.05	-1.18	(-1.38%)
250	Delta Air Lines, Inc.	DAL	0.07%	   50.34	-2.94	(-5.52%)
251	The Hartford Financial Services Group, Inc.	HIG	0.07%	   117.63	-0.17	(-0.15%)
252	Resmed Inc.	RMD	0.07%	   238.76	6.32	(2.72%)
253	Arch Capital Group Ltd	ACGL	0.07%	   91.43	0.42	(0.47%)
254	Wec Energy Group, Inc.	WEC	0.07%	   108.93	2.09	(1.96%)
255	Ebay Inc	EBAY	0.07%	   70.74	0.23	(0.32%)
256	Old Dominion Freight Line	ODFL	0.07%	   180.13	0.57	(0.32%)
257	Garmin Ltd	GRMN	0.07%	   217.84	-1.50	(-0.68%)
258	Costar Group Inc	CSGP	0.07%	   81.84	2.45	(3.09%)
259	Electronic Arts Inc	EA	0.07%	   142.39	2.35	(1.68%)
260	Take-Two Interactive Software Inc	TTWO	0.07%	   197.85	-6.48	(-3.17%)
261	Extra Space Storage, Inc.	EXR	0.07%	   158.96	1.69	(1.07%)
262	Willis Towers Watson Public Limited Companys	WTW	0.07%	   331.28	0.39	(0.12%)
263	Iqvia Holdings Inc.	IQV	0.07%	   191.02	-0.61	(-0.32%)
264	Dupont De Nemours, Inc.	DD	0.07%	   78.07	-0.08	(-0.10%)
265	Microchip Technology Inc	MCHP	0.07%	   56.11	-3.66	(-6.13%)
266	Xylem Inc	XYL	0.06%	   129.34	-1.28	(-0.98%)
267	Occidental Petroleum Corporation	OXY	0.06%	   47.26	0.02	(0.04%)
268	Equifax, Incorporated	EFX	0.06%	   257.46	2.77	(1.09%)
269	Nucor Corporation	NUE	0.06%	   128.77	-4.95	(-3.70%)
270	Humana Inc.	HUM	0.06%	   256.54	-3.22	(-1.24%)
271	Rockwell Automation, Inc.	ROK	0.06%	   272.29	-4.25	(-1.54%)
272	Avalonbay Communities, Inc.	AVB	0.06%	   220.93	2.48	(1.13%)
273	Nasdaq, Inc.	NDAQ	0.06%	   72.22	-2.44	(-3.27%)
274	Wabtec Inc.	WAB	0.06%	   176.07	-3.22	(-1.80%)
275	Cardinal Health, Inc.	CAH	0.06%	   123.90	-2.60	(-2.06%)
276	Dexcom, Inc.	DXCM	0.06%	   72.96	-4.88	(-6.27%)
277	Tractor Supply Co	TSCO	0.06%	   59.08	2.19	(3.84%)
278	Centene Corporation	CNC	0.06%	   60.04	0.01	(0.01%)
279	Lennar Corporation Class A	LEN	0.06%	   127.32	2.13	(1.70%)
280	M&t Bank Corp.	MTB	0.06%	   176.24	-2.50	(-1.40%)
281	Hp Inc.	HPQ	0.06%	   30.04	-0.50	(-1.63%)
282	Monolithic Power Systems, Inc.	MPWR	0.06%	   586.60	-10.19	(-1.71%)
283	Vulcan Materials Company	VMC	0.06%	   220.36	-0.55	(-0.25%)
284	Constellation Brands, Inc.	STZ	0.06%	   190.46	4.21	(2.26%)
285	Ventas, Inc.	VTR	0.06%	   67.97	0.10	(0.15%)
286	Ansys Inc	ANSS	0.06%	   319.92	-5.69	(-1.75%)
287	The Kraft Heinz Company	KHC	0.06%	   32.78	0.60	(1.85%)
288	American Water Works Company, Inc	AWK	0.06%	   148.92	3.52	(2.42%)
289	Broadridge Financial Solutions Inc	BR	0.06%	   238.14	-2.78	(-1.15%)
290	Brown & Brown, Inc.	BRO	0.06%	   119.35	0.70	(0.59%)
291	Martin Marietta Materials	MLM	0.06%	   462.37	1.98	(0.43%)
292	Dell Technologies Inc.	DELL	0.06%	   90.40	-1.06	(-1.16%)
293	Eqt Corp	EQT	0.06%	   46.62	-0.38	(-0.81%)
294	Church & Dwight Co., Inc.	CHD	0.06%	   114.59	2.26	(2.01%)
295	International Paper Co.	IP	0.06%	   49.30	-3.00	(-5.73%)
296	The Hershey Company	HSY	0.06%	   188.31	3.25	(1.75%)
297	Dte Energy Company	DTE	0.06%	   133.25	1.57	(1.19%)
298	United Airlines Holdings, Inc.	UAL	0.06%	   76.73	-6.15	(-7.42%)
299	Mettler-Toledo International	MTD	0.06%	   1,283.37	-8.19	(-0.63%)
300	Keysight Technologies, Inc.	KEYS	0.06%	   152.74	-3.15	(-2.02%)
301	Fifth Third Bancorp	FITB	0.05%	   39.71	-0.35	(-0.87%)
302	Ppg Industries, Inc.	PPG	0.05%	   116.81	1.33	(1.15%)
303	Fortive Corporation	FTV	0.05%	   75.40	-1.20	(-1.57%)
304	Ameren Corporation	AEE	0.05%	   98.99	0.40	(0.40%)
305	State Street Corporation	STT	0.05%	   87.94	-1.72	(-1.91%)
306	Raymond James Financial, Inc.	RJF	0.05%	   140.17	-3.21	(-2.24%)
307	Dow Inc.	DOW	0.05%	   37.84	0.39	(1.05%)
308	Diamondback Energy, Inc.	FANG	0.05%	   138.55	-1.56	(-1.12%)
309	Texas Pacific Land Corporation	TPL	0.05%	   1,351.02	-23.72	(-1.73%)
310	Global Payments, Inc.	GPN	0.05%	   99.69	-1.08	(-1.07%)
311	Dover Corporation	DOV	0.05%	   180.12	-5.52	(-2.97%)
312	Tyler Technologies, Inc.	TYL	0.05%	   576.36	-11.65	(-1.98%)
313	Ppl Corporation	PPL	0.05%	   34.17	0.10	(0.30%)
314	Iron Mountain Inc.	IRM	0.05%	   83.81	-0.57	(-0.68%)
315	Veralto Corporation	VLTO	0.05%	   100.20	0.08	(0.08%)
316	Warner Bros. Discovery, Inc. Series a	WBD	0.05%	   10.90	-0.17	(-1.54%)
317	Godaddy Inc	GDDY	0.05%	   173.58	-1.70	(-0.97%)
318	Equity Residential	EQR	0.05%	   72.44	0.47	(0.65%)
319	Sba Communications Corp	SBAC	0.05%	   225.82	2.09	(0.94%)
320	Archer Daniels Midland Company	ADM	0.05%	   51.10	1.66	(3.35%)
321	Corpay, Inc.	CPAY	0.05%	   329.73	-5.98	(-1.78%)
322	Waters Corp	WAT	0.05%	   397.30	4.31	(1.10%)
323	Atmos Energy Corporation	ATO	0.05%	   150.54	1.94	(1.31%)
324	Smurfit Westrock Plc	SW	0.05%	   44.13	-2.41	(-5.17%)
325	Steris Plc	STE	0.05%	   233.02	0.28	(0.12%)
326	Darden Restaurants, Inc.	DRI	0.05%	   196.15	1.48	(0.76%)
327	Devon Energy Corporation	DVN	0.05%	   34.40	-0.31	(-0.89%)
328	Expedia Group, Inc.	EXPE	0.05%	   177.16	-7.17	(-3.89%)
329	Nvr, Inc.	NVR	0.05%	   7,490.64	97.43	(1.32%)
330	Teledyne Technologies Incorporated	TDY	0.05%	   479.46	-3.49	(-0.72%)
331	Cdw Corporation	CDW	0.05%	   168.88	0.51	(0.30%)
332	T Rowe Price Group Inc	TROW	0.05%	   100.21	-0.45	(-0.45%)
333	Eversource Energy	ES	0.05%	   62.02	1.04	(1.71%)
334	Centerpoint Energy, Inc.	CNP	0.05%	   34.68	0.42	(1.24%)
335	Weyerhaeuser Company	WY	0.05%	   30.72	0.07	(0.23%)
336	Cboe Global Markets, Inc.	CBOE	0.05%	   215.74	2.74	(1.29%)
337	Kellanova	K	0.05%	   82.53	0.08	(0.09%)
338	Pultegroup, Inc.	PHM	0.05%	   109.05	1.14	(1.05%)
339	Huntington Bancshares Inc	HBAN	0.04%	   14.79	-0.35	(-2.32%)
340	Halliburton Company	HAL	0.04%	   24.96	-0.04	(-0.16%)
341	Biogen Inc.	BIIB	0.04%	   155.43	5.05	(3.36%)
342	Cms Energy Corporation	CMS	0.04%	   74.03	0.95	(1.31%)
343	Edison International	EIX	0.04%	   57.20	0.80	(1.42%)
344	Cincinnati Financial Corp	CINF	0.04%	   139.63	-0.33	(-0.24%)
345	Zimmer Biomet Holdings, Inc.	ZBH	0.04%	   109.83	1.84	(1.70%)
346	Carnival Corporation	CCL	0.04%	   19.23	-1.41	(-6.84%)
347	Synchrony Financial	SYF	0.04%	   52.79	-1.96	(-3.57%)
348	Labcorp Holdings Inc.	LH	0.04%	   251.96	-1.07	(-0.42%)
349	International Flavors & Fragrances Inc.	IFF	0.04%	   82.44	-0.08	(-0.09%)
350	Mccormick & Company, Incorporated Non-Vtg Cs	MKC	0.04%	   83.56	0.94	(1.14%)
351	Northern Trust Corp	NTRS	0.04%	   103.07	-1.25	(-1.20%)
352	Hewlett Packard Enterprise Company	HPE	0.04%	   15.18	-0.63	(-4.01%)
353	Regions Financial Corp.	RF	0.04%	   21.86	-0.21	(-0.95%)
354	Live Nation Entertainment Inc.	LYV	0.04%	   122.59	-4.92	(-3.86%)
355	Verisign Inc	VRSN	0.04%	   238.48	-1.99	(-0.83%)
356	Lyondellbasell Industries N.v. Class A	LYB	0.04%	   77.05	-0.45	(-0.58%)
357	Firstenergy Corp.	FE	0.04%	   38.83	0.27	(0.71%)
358	Quest Diagnostics Inc.	DGX	0.04%	   176.97	1.41	(0.80%)
359	Ptc, Inc	PTC	0.04%	   160.48	-2.17	(-1.34%)
360	Invitation Homes Inc.	INVH	0.04%	   34.37	0.18	(0.51%)
361	Lennox International Inc.	LII	0.04%	   610.22	3.61	(0.60%)
362	Essex Property Trust, Inc	ESS	0.04%	   302.68	0.94	(0.31%)
363	Mid-America Apartment Communities, Inc.	MAA	0.04%	   168.83	2.47	(1.49%)
364	On Semiconductor Corp	ON	0.04%	   44.33	-1.07	(-2.35%)
365	Super Micro Computer, Inc.	SMCI	0.04%	   38.89	0.64	(1.69%)
366	Deckers Outdoor Corp	DECK	0.04%	   122.03	-4.69	(-3.70%)
367	Coterra Energy Inc.	CTRA	0.04%	   26.48	0.39	(1.49%)
368	Netapp, Inc	NTAP	0.04%	   92.18	-1.59	(-1.70%)
369	Hubbell Incorporated	HUBB	0.04%	   344.05	-10.42	(-2.94%)
370	W.R. Berkley Corporation	WRB	0.04%	   62.67	0.10	(0.17%)
371	Molina Healthcare, Inc.	MOH	0.04%	   330.68	3.35	(1.02%)
372	Baxter International Inc.	BAX	0.04%	   37.36	0.79	(2.15%)
373	Clorox Company	CLX	0.04%	   151.44	0.41	(0.27%)
374	Leidos Holdings, Inc.	LDOS	0.04%	   139.84	0.60	(0.43%)
375	Seagate Technology Holdings Plcs	STX	0.04%	   87.38	-0.62	(-0.70%)
376	Packaging Corp of America	PKG	0.04%	   199.27	-7.39	(-3.57%)
377	Citizens Financial Group, Inc.	CFG	0.04%	   40.52	-1.12	(-2.69%)
378	Principal Financial Group, Inc.	PFG	0.04%	   84.32	-1.29	(-1.51%)
379	Nisource Inc.	NI	0.04%	   38.42	-0.08	(-0.21%)
380	Snap-on Incorporated	SNA	0.04%	   343.66	1.60	(0.47%)
381	Dollar General Corp.	DG	0.04%	   84.20	2.36	(2.88%)
382	Nrg Energy, Inc.	NRG	0.04%	   83.07	-5.02	(-5.70%)
383	Expeditors International of Washington, Inc.	EXPD	0.04%	   126.96	0.48	(0.38%)
384	Steel Dynamics Inc	STLD	0.04%	   119.75	-5.28	(-4.22%)
385	Genuine Parts Company	GPC	0.04%	   129.60	2.43	(1.91%)
386	Teradyne, Inc.	TER	0.04%	   104.48	-4.06	(-3.74%)
387	Insulet Corporation	PODD	0.04%	   231.56	-20.25	(-8.04%)
388	Southwest Airlines Co.	LUV	0.04%	   28.72	-0.48	(-1.65%)
389	Tapestry, Inc.	TPR	0.04%	   70.95	-3.98	(-5.31%)
390	Tyson Foods, Inc.	TSN	0.04%	   61.78	0.54	(0.88%)
391	The Estee Lauder Companies Inc. Class A	EL	0.03%	   73.95	0.64	(0.87%)
392	The Cooper Companies, Inc.	COO	0.03%	   81.99	-3.02	(-3.55%)
393	Trimble Inc.	TRMB	0.03%	   68.06	-1.00	(-1.45%)
394	West Pharmaceutical Services, Inc.	WST	0.03%	   223.35	-8.12	(-3.51%)
395	Ulta Beauty, Inc.	ULTA	0.03%	   355.45	0.02	(0.01%)
396	Factset Research Systems	FDS	0.03%	   445.62	4.88	(1.11%)
397	Omnicom Group Inc.	OMC	0.03%	   87.75	2.75	(3.24%)
398	Domino's Pizza Inc.	DPZ	0.03%	   450.71	-21.35	(-4.52%)
399	Masco Corporation	MAS	0.03%	   75.73	0.53	(0.71%)
400	Ball Corporation	BALL	0.03%	   54.93	0.67	(1.23%)
401	Alliant Energy Corporation	LNT	0.03%	   63.41	0.92	(1.47%)
402	F5, Inc.	FFIV	0.03%	   266.34	-9.29	(-3.37%)
403	Alexandria Real Estate Equities, Inc.	ARE	0.03%	   103.84	1.35	(1.32%)
404	Jabil Inc.	JBL	0.03%	   135.76	-4.19	(-3.00%)
405	Aptiv Plc	APTV	0.03%	   65.62	-1.21	(-1.80%)
406	Las Vegas Sands Corp.	LVS	0.03%	   44.81	-0.26	(-0.57%)
407	Everest Group, Ltd.	EG	0.03%	   361.12	-2.64	(-0.73%)
408	Keycorp	KEY	0.03%	   15.44	-0.29	(-1.88%)
409	Best Buy Company, Inc.	BBY	0.03%	   80.72	1.31	(1.64%)
410	Builders Firstsource, Inc.	BLDR	0.03%	   136.41	1.90	(1.41%)
411	Jacobs Solutions Inc.	J	0.03%	   124.65	0.11	(0.09%)
412	Loews Corporation	L	0.03%	   85.08	-0.27	(-0.31%)
413	Gen Digital Inc.	GEN	0.03%	   28.43	0.22	(0.77%)
414	Zebra Technologies Corporation	ZBRA	0.03%	   289.66	-3.03	(-1.04%)
415	Hologic Inc	HOLX	0.03%	   66.01	1.47	(2.28%)
416	Evergy, Inc.	EVRG	0.03%	   64.79	-1.01	(-1.53%)
417	Amcor Plcs	AMCR	0.03%	   10.35	0.06	(0.53%)
418	First Solar, Inc.	FSLR	0.03%	   135.64	-3.49	(-2.51%)
419	Avery Dennison Corp.	AVY	0.03%	   186.70	2.75	(1.50%)
420	Pentair Plc	PNR	0.03%	   85.87	-2.48	(-2.81%)
421	Rollins, Inc.	ROL	0.03%	   52.10	0.32	(0.62%)
422	Western Digital Corp.	WDC	0.03%	   40.63	-1.07	(-2.58%)
423	Kimco Realty Corp.	KIM	0.03%	   21.61	0.18	(0.84%)
424	Healthpeak Properties, Inc.	DOC	0.03%	   20.93	0.41	(2.02%)
425	Revvity, Inc.	RVTY	0.03%	   118.19	0.63	(0.54%)
426	Idex Corporation	IEX	0.03%	   186.33	-1.34	(-0.71%)
427	Textron, Inc.	TXT	0.03%	   76.38	0.96	(1.27%)
428	Henry (Jack) & Associates	JKHY	0.03%	   191.87	0.59	(0.31%)
429	Dollar Tree Inc.	DLTR	0.03%	   68.06	-0.93	(-1.35%)
430	Pool Corporation	POOL	0.03%	   368.57	4.26	(1.17%)
431	Stanley Black & Decker, Inc.	SWK	0.03%	   89.29	0.32	(0.36%)
432	Cf Industries Holding, Inc.	CF	0.03%	   77.37	0.23	(0.30%)
433	Udr, Inc.	UDR	0.03%	   44.89	0.41	(0.92%)
434	Akamai Technologies Inc	AKAM	0.03%	   86.58	-0.94	(-1.07%)
435	Jb Hunt Transport Services Inc	JBHT	0.03%	   163.15	-0.30	(-0.18%)
436	Conagra Brands, Inc.	CAG	0.03%	   28.14	0.91	(3.33%)
437	Camden Property Trust	CPT	0.03%	   124.00	2.51	(2.06%)
438	The J.M. Smucker Company	SJM	0.03%	   119.56	2.18	(1.85%)
439	Fox Corporation Class A	FOXA	0.03%	   54.72	-0.95	(-1.71%)
440	Align Technology Inc	ALGN	0.02%	   167.03	-6.72	(-3.87%)
441	Regency Centers Corporation	REG	0.02%	   74.48	0.52	(0.71%)
442	Moderna, Inc.	MRNA	0.02%	   37.20	1.59	(4.45%)
443	C.H. Robinson Worldwide, Inc.	CHRW	0.02%	   104.38	1.93	(1.89%)
444	Juniper Networks Inc	JNPR	0.02%	   36.04	-0.02	(-0.05%)
445	Carmax Inc.	KMX	0.02%	   74.95	-1.77	(-2.30%)
446	Nordson Corp	NDSN	0.02%	   213.68	-1.63	(-0.76%)
447	Skyworks Solutions Inc	SWKS	0.02%	   72.40	-0.21	(-0.29%)
448	Eastman Chemical Company	EMN	0.02%	   98.42	-0.37	(-0.38%)
449	Host Hotels & Resorts, Inc.	HST	0.02%	   16.23	-0.10	(-0.64%)
450	Allegion Public Limited Company	ALLE	0.02%	   133.92	2.62	(2.00%)
451	Viatris Inc.	VTRS	0.02%	   9.54	-0.11	(-1.17%)
452	Incyte Genomics Inc	INCY	0.02%	   70.67	-0.13	(-0.18%)
453	Lkq Corporation	LKQ	0.02%	   43.91	0.53	(1.23%)
454	Epam Systems, Inc.	EPAM	0.02%	   195.21	-3.59	(-1.81%)
455	Erie Indemnity Co	ERIE	0.02%	   447.21	0.47	(0.11%)
456	Molson Coors Beverage Company Class B	TAP	0.02%	   63.59	1.73	(2.79%)
457	Solventum Corporation	SOLV	0.02%	   78.61	0.67	(0.87%)
458	News Corporation Class A	NWSA	0.02%	   27.74	-0.22	(-0.80%)
459	Bunge Global Sa	BG	0.02%	   77.27	1.67	(2.21%)
460	Globe Life Inc.	GL	0.02%	   124.24	-1.25	(-1.00%)
461	The Interpublic Group of Companies, Inc.	IPG	0.02%	   29.21	1.03	(3.67%)
462	Assurant, Inc.	AIZ	0.02%	   204.04	-0.54	(-0.27%)
463	Pinnacle West Capital Corporation	PNW	0.02%	   92.75	0.76	(0.83%)
464	Paycom Software, Inc.	PAYC	0.02%	   222.34	9.32	(4.38%)
465	Bio-Techne Corp.	TECH	0.02%	   64.12	-0.25	(-0.39%)
466	Universal Health Services, Inc. Class B	UHS	0.02%	   173.70	1.04	(0.60%)
467	Bxp, Inc.	BXP	0.02%	   69.37	0.37	(0.53%)
468	Ralph Lauren Corporation	RL	0.02%	   221.70	-10.93	(-4.70%)
469	Henry Schein Inc	HSIC	0.02%	   76.28	1.69	(2.27%)
470	Charles River Laboratories International, Inc.	CRL	0.02%	   179.71	3.79	(2.15%)
471	Albemarle Corporation	ALB	0.02%	   78.39	2.88	(3.82%)
472	Norwegian Cruise Line Holdings Ltd.s	NCLH	0.02%	   18.79	-1.27	(-6.34%)
473	Dayforce, Inc.	DAY	0.02%	   54.66	-0.76	(-1.37%)
474	Hormel Foods Corporation	HRL	0.02%	   30.63	0.69	(2.30%)
475	Hasbro, Inc.	HAS	0.02%	   64.71	0.36	(0.56%)
476	Enphase Energy, Inc.	ENPH	0.02%	   63.87	2.24	(3.63%)
477	A.O. Smith Corporation	AOS	0.02%	   70.07	0.66	(0.95%)
478	The Campbell's Company	CPB	0.02%	   43.14	1.33	(3.19%)
479	Wynn Resorts Ltd	WYNN	0.02%	   88.16	-0.56	(-0.63%)
480	Match Group, Inc	MTCH	0.02%	   32.42	-0.20	(-0.63%)
481	Walgreens Boots Alliance, Inc	WBA	0.02%	   11.34	-0.05	(-0.47%)
482	Generac Holdings Inc	GNRC	0.02%	   134.89	-1.69	(-1.24%)
483	Aes Corporation	AES	0.02%	   11.65	0.40	(3.54%)
484	The Mosaic Company	MOS	0.02%	   25.30	0.16	(0.62%)
485	Marketaxess Holdings Inc.	MKTX	0.02%	   213.81	4.87	(2.33%)
486	Huntington Ingalls Industries, Inc.	HII	0.02%	   199.82	3.85	(1.96%)
487	Federal Realty Investment Trust	FRT	0.02%	   101.87	0.55	(0.55%)
488	Lamb Weston Holdings, Inc.	LW	0.02%	   53.21	0.20	(0.38%)
489	Mgm Resorts International	MGM	0.01%	   32.36	0.33	(1.02%)
490	Paramount Global Class B	PARA	0.01%	   12.03	-0.12	(-0.95%)
491	Invesco Ltd	IVZ	0.01%	   15.28	-0.35	(-2.25%)
492	Apa Corporation	APA	0.01%	   18.95	0.11	(0.60%)
493	Fox Corporation Class B	FOX	0.01%	   50.74	-0.86	(-1.67%)
494	Brown-Forman Corporation Class B	BF.B	0.01%	   37.92	0.99	(2.68%)
495	Davita Inc.	DVA	0.01%	   150.70	3.68	(2.50%)
496	Borgwarner Inc.	BWA	0.01%	   30.27	0.46	(1.56%)
497	Teleflex Incorporated	TFX	0.01%	   142.21	2.36	(1.68%)
498	Franklin Resources, Inc.	BEN	0.01%	   20.15	-0.17	(-0.82%)
499	Mohawk Industries, Inc.	MHK	0.01%	   117.13	0.12	(0.10%)
500	Celanese Corporation	CE	0.01%	   55.36	0.04	(0.08%)
501	Caesars Entertainment, Inc.	CZR	0.01%	   28.19	-0.29	(-1.03%)
502	Fmc Corporation	FMC	0.01%	   42.01	0.72	(1.73%)
503	News Corporation Class B	NWS	0.01%	   31.54	-0.28	(-0.89%)
504	Sandisk Corporation	SNDK	0.00%	   53.61	2.61	(5.11%)
