method,mean,std,q
Sample,234969865043062.66,235576838600510.72,4.0
RIE,47308464413288.914,47900511845468.35,4.0
RIE_IW,78697371619227.31,106472045546858.75,4.0
Clipped,0.9802422209884085,0.003546777425352981,4.0
Kendall,0.9776616248575418,0.0048187370515961805,4.0
TMFG,0.9859619118407038,0.002406242812586014,4.0
Sample,217525685933064.22,245637802679469.44,3.6363636363636362
RIE,51377353508475.62,87580325701786.64,3.6363636363636362
RIE_IW,59052304543676.05,62494790415007.73,3.6363636363636362
Clipped,0.9789939282933963,0.003526221450519797,3.6363636363636362
Kendall,0.9769669772552466,0.00463813581136939,3.6363636363636362
TMFG,0.9855262982787412,0.0020682683602251503,3.6363636363636362
Sample,201417195780737.94,237089335130154.6,3.3333333333333335
RIE,60352842939710.695,85795646779702.28,3.3333333333333335
RIE_IW,133144504475296.69,198632566066058.03,3.3333333333333335
Clipped,0.978380296668541,0.0036756127671175565,3.3333333333333335
Kendall,0.9771907394024226,0.004833415332180451,3.3333333333333335
TMFG,0.9852299569558306,0.0016725185879781473,3.3333333333333335
Sample,182670406938581.97,262539697398315.78,3.076923076923077
RIE,310369698293685.75,1073187376959046.0,3.076923076923077
RIE_IW,50984597615138.04,40587115700541.12,3.076923076923077
Clipped,0.9773890256674489,0.002691674356022609,3.076923076923077
Kendall,0.9763920147051659,0.003389415689851736,3.076923076923077
TMFG,0.9852006450171178,0.0015822370681043765,3.076923076923077
Sample,323549466492798.1,629262724638219.8,2.857142857142857
RIE,61121424930413.9,119888665370435.2,2.857142857142857
RIE_IW,67692402244796.01,61085828985619.26,2.857142857142857
Clipped,0.9764480880258412,0.002992043165275824,2.857142857142857
Kendall,0.9765609487020777,0.0036933185323448194,2.857142857142857
TMFG,0.9849900803199777,0.0017082658149816285,2.857142857142857
Sample,662428966746029.1,2630333240652603.0,2.6666666666666665
RIE,140390954208004.4,613369435519928.1,2.6666666666666665
RIE_IW,131052039748458.78,429683094529497.56,2.6666666666666665
Clipped,0.9790729807782294,0.004117088309227017,2.6666666666666665
Kendall,0.979724875415251,0.004922425499102039,2.6666666666666665
TMFG,0.9866098545953582,0.0016456943702916743,2.6666666666666665
Sample,135873916840685.77,105502323902915.6,2.5
RIE,85039540588958.55,194931246654482.94,2.5
RIE_IW,155166494901636.2,290884506932468.75,2.5
Clipped,0.9771988636219207,0.003070378274412316,2.5
Kendall,0.9782840351266453,0.0036324068195250233,2.5
TMFG,0.9859883888817298,0.0014161531914727511,2.5
Sample,332527314569294.9,1086382696064208.4,2.3529411764705883
RIE,32408081980163.008,41088170652791.484,2.3529411764705883
RIE_IW,37689305191296.51,58155087802045.24,2.3529411764705883
Clipped,0.9782857253372551,0.0028085365453746894,2.3529411764705883
Kendall,0.9799389559610411,0.0034407386390319906,2.3529411764705883
TMFG,0.9867508778283287,0.0017328089509164111,2.3529411764705883
Sample,239720029598378.2,828141455299570.8,2.2222222222222223
RIE,26268335893664.18,31969932205028.586,2.2222222222222223
RIE_IW,61711060859648.49,93944192076998.89,2.2222222222222223
Clipped,0.9766944612209664,0.0025708150114380464,2.2222222222222223
Kendall,0.9788800463744814,0.002968709644090731,2.2222222222222223
TMFG,0.9864378593737088,0.0012083998511012704,2.2222222222222223
Sample,109356311367195.78,223940619524719.12,2.1052631578947367
RIE,42770503425189.39,77009223553091.19,2.1052631578947367
RIE_IW,35827056171035.695,60360298413482.93,2.1052631578947367
Clipped,0.9776396324514778,0.00214369170538195,2.1052631578947367
Kendall,0.9808089423354548,0.0024597925691041056,2.1052631578947367
TMFG,0.9872527329535186,0.0011732200329561153,2.1052631578947367
Sample,101980068118210.78,191504317402749.1,2.0
RIE,1641268152347331.2,8528884460371060.0,2.0
RIE_IW,20477795732130.23,18125747283413.83,2.0
Clipped,0.9784939244669306,0.002210151473974778,2.0
Kendall,0.9813947500182795,0.00251926273060918,2.0
TMFG,0.987632846611167,0.0013187090788101194,2.0
Sample,81235637632377.64,108438266135865.95,1.9047619047619047
RIE,20060862422672.434,37160479504453.51,1.9047619047619047
RIE_IW,21700045245973.57,28272929888945.832,1.9047619047619047
Clipped,0.9785646689229078,0.0030408463117299633,1.9047619047619047
Kendall,0.9819772962767307,0.0032010299381166722,1.9047619047619047
TMFG,0.9879836481302509,0.0016190725789810864,1.9047619047619047
Sample,52692573194093.9,45203066747311.73,1.8181818181818181
RIE,13300894742832.324,25449878613402.945,1.8181818181818181
RIE_IW,32485033845112.176,46810661522975.44,1.8181818181818181
Clipped,0.9785680385643579,0.0024463189713213648,1.8181818181818181
Kendall,0.9822904628253902,0.0024932065837887465,1.8181818181818181
TMFG,0.9881469608373374,0.0011482948226756377,1.8181818181818181
Sample,62189094254816.23,63771434451313.586,1.7391304347826086
RIE,27960404749381.74,97196389919853.61,1.7391304347826086
RIE_IW,13872393989067.262,15318170037515.875,1.7391304347826086
Clipped,0.9778520129215355,0.0022760835657126503,1.7391304347826086
Kendall,0.9817243230240377,0.00241682964854841,1.7391304347826086
TMFG,0.9879977835385884,0.0011286609516431754,1.7391304347826086
Sample,52582847504190.484,78292878309823.19,1.6666666666666667
RIE,11844355491565.951,29660863612715.734,1.6666666666666667
RIE_IW,11071718154576.205,14033110919841.443,1.6666666666666667
Clipped,0.9792390596092327,0.002577786151253194,1.6666666666666667
Kendall,0.9834914198446716,0.0024766482843415253,1.6666666666666667
TMFG,0.9885817631522902,0.0011828325531207356,1.6666666666666667
Sample,42505102471860.17,51263309128688.58,1.6
RIE,6969592331560.562,10091048383210.947,1.6
RIE_IW,7470562217008.834,7147421159446.372,1.6
Clipped,0.9764730037049582,0.0024803284902745154,1.6
Kendall,0.9813810889521989,0.002736403205127835,1.6
TMFG,0.9872320909315768,0.0012137819200677795,1.6
Sample,24505093699405.754,23884017152969.52,1.5384615384615385
RIE,7415504291815.093,17602598935604.465,1.5384615384615385
RIE_IW,9166058989876.795,21066732433068.93,1.5384615384615385
Clipped,0.9781414927396614,0.002598872492948183,1.5384615384615385
Kendall,0.9826099051150364,0.00252042748358624,1.5384615384615385
TMFG,0.9880371138798639,0.001087692883145612,1.5384615384615385
Sample,191036935558275.1,722741722651202.5,1.4814814814814814
RIE,9002296864889.008,30487068498060.64,1.4814814814814814
RIE_IW,9235732886472.56,22981533103896.574,1.4814814814814814
Clipped,0.9761084053621614,0.0023300441875010727,1.4814814814814814
Kendall,0.9810199482326328,0.002556245550469697,1.4814814814814814
TMFG,0.9874182883369674,0.0015209720584914274,1.4814814814814814
Sample,162376195439887.88,646054900114918.8,1.4285714285714286
RIE,14045580456338.201,61950530824202.41,1.4285714285714286
RIE_IW,18634632885283.168,50185499213147.17,1.4285714285714286
Clipped,0.9771101514455153,0.002967114208521417,1.4285714285714286
Kendall,0.9822174942259463,0.002889420607872958,1.4285714285714286
TMFG,0.9878207636648288,0.0011602085814244115,1.4285714285714286
Sample,25753184495645.285,29315126321879.195,1.3793103448275863
RIE,4750163055867.076,15362448227311.79,1.3793103448275863
RIE_IW,2556402478803.411,2704706362762.9746,1.3793103448275863
Clipped,0.9773974502350237,0.0023606855431576113,1.3793103448275863
Kendall,0.9824528650547755,0.002409691528398332,1.3793103448275863
TMFG,0.9881471261495935,0.0013186558239945512,1.3793103448275863
Sample,26794420338212.176,34416963418499.42,1.3333333333333333
RIE,1343552374677.2693,1469141435836.793,1.3333333333333333
RIE_IW,2450923801680.1177,3370211395421.0664,1.3333333333333333
Clipped,0.9769698745367827,0.001985647266861738,1.3333333333333333
Kendall,0.982549971125794,0.0017451012278104127,1.3333333333333333
TMFG,0.9882056121892121,0.0009441475966820626,1.3333333333333333
Sample,24843975713561.457,31487077563016.69,1.2903225806451613
RIE,1125089121487.9988,1284585218198.1401,1.2903225806451613
RIE_IW,1183572355697.953,838016219642.6829,1.2903225806451613
Clipped,0.9763388481621698,0.0021273651872640575,1.2903225806451613
Kendall,0.9821952327791217,0.002169514783507212,1.2903225806451613
TMFG,0.988030689344406,0.0011106957010633817,1.2903225806451613
Sample,100005134798233.94,467104783459117.0,1.25
RIE,1125403842688.1213,2723389690365.5024,1.25
RIE_IW,1033959243689.7626,1545413848076.5747,1.25
Clipped,0.9764635053780333,0.0021038395120864615,1.25
Kendall,0.9828388382472756,0.002114252819535686,1.25
TMFG,0.9883430996337969,0.0009453349837367716,1.25
Sample,14334577413528.344,20089923868398.547,1.2121212121212122
RIE,306411771299.6515,358745175018.75446,1.2121212121212122
RIE_IW,793240013339.3938,896300234657.2909,1.2121212121212122
Clipped,0.9781292823881497,0.0032213133538451606,1.2121212121212122
Kendall,0.9844495298658497,0.0030475848741715163,1.2121212121212122
TMFG,0.9890647832044409,0.0012026350091573466,1.2121212121212122
Sample,9090079204750.033,7225320063628.789,1.1764705882352942
RIE,717522167635.909,1525237534931.2058,1.1764705882352942
RIE_IW,458760238975.05756,422568257344.631,1.1764705882352942
Clipped,0.9772216276515736,0.002789002593587218,1.1764705882352942
Kendall,0.9833176583509543,0.002547227858795107,1.1764705882352942
TMFG,0.98831989674936,0.001153841334275691,1.1764705882352942
Sample,11348782032370.572,21613654975591.312,1.1428571428571428
RIE,283708350533.56635,568638795931.1104,1.1428571428571428
RIE_IW,2028889184337.276,4877004381292.762,1.1428571428571428
Clipped,0.976750550279609,0.0016284513553342641,1.1428571428571428
Kendall,0.9833281815737915,0.0016330898281510897,1.1428571428571428
TMFG,0.9889279346050274,0.0006185539201253089,1.1428571428571428
Sample,46336519904007.37,220667233110749.6,1.1111111111111112
RIE,91841721421.09404,98055783303.36697,1.1111111111111112
RIE_IW,378317067101.91235,1312500248281.8345,1.1111111111111112
Clipped,0.9759474037228199,0.002687966411492329,1.1111111111111112
Kendall,0.9824576493546434,0.0024878099534895335,1.1111111111111112
TMFG,0.9880300092592033,0.0011003533535173787,1.1111111111111112
Sample,7915570245341.111,15525233403492.123,1.0810810810810811
RIE,143355452819.97903,538830357459.73486,1.0810810810810811
RIE_IW,146990305782.87076,368260515310.3595,1.0810810810810811
Clipped,0.9768846234013774,0.0023423253043250232,1.0810810810810811
Kendall,0.9836553038370254,0.0022728712749113976,1.0810810810810811
TMFG,0.9887289954527814,0.0010222436831529905,1.0810810810810811
Sample,4556165632980.561,7850268711123.338,1.0526315789473684
RIE,37272294435.942276,65386066697.90291,1.0526315789473684
RIE_IW,68884279067.92746,77391085208.66,1.0526315789473684
Clipped,0.9756003733459254,0.002654838130444335,1.0526315789473684
Kendall,0.9830991978899292,0.0027095469125203685,1.0526315789473684
TMFG,0.988106596965857,0.0012797933273864088,1.0526315789473684
Sample,3083625998271.2793,3942085396269.049,1.0256410256410255
RIE,33454625965.95202,67158084015.88739,1.0256410256410255
RIE_IW,157405448413.02573,648128763900.3727,1.0256410256410255
Clipped,0.9779201622810813,0.002376755194736258,1.0256410256410255
Kendall,0.9847390381107185,0.002118075973293145,1.0256410256410255
TMFG,0.9894841363749004,0.0011584970589065744,1.0256410256410255
Sample,731735911357.8425,1463077745044.2993,1.0
RIE,15592008962.305235,39629174868.537186,1.0
RIE_IW,15592008962.305235,39629174868.537186,1.0
Clipped,0.9774034398795863,0.0029320324523349765,1.0
Kendall,0.9845095588544233,0.002543622433246828,1.0
TMFG,0.9891097314505567,0.0009992571385165148,1.0
Sample,241.3232875283098,87.09781305231566,0.975609756097561
RIE,17788.88276241952,40210.54088347968,0.975609756097561
RIE_IW,1065.2567479120546,1848.4028847148388,0.975609756097561
Clipped,0.9777645470610553,0.003378247402052983,0.975609756097561
Kendall,0.9848581741099337,0.0031757917035129756,0.975609756097561
TMFG,0.9892185967232163,0.0011931491855453804,0.975609756097561
Sample,69.07617256362487,10.77993731285447,0.9523809523809523
RIE,16338.03420260655,66583.94475390318,0.9523809523809523
RIE_IW,1408.539329609607,3580.721960829301,0.9523809523809523
Clipped,0.9770343164039519,0.00322945046889325,0.9523809523809523
Kendall,0.9844312528868964,0.002876796388036843,0.9523809523809523
TMFG,0.9888824928875999,0.0010131871596738352,0.9523809523809523
Sample,38.23124434868933,5.190228122659506,0.9302325581395349
RIE,2579.7216479858416,4252.235804766412,0.9302325581395349
RIE_IW,835.6065174401607,1190.877560065624,0.9302325581395349
Clipped,0.9764276472325213,0.0025562823207841037,0.9302325581395349
Kendall,0.9840764098573314,0.002450998614142659,0.9302325581395349
TMFG,0.9889088309390679,0.001034617316356383,0.9302325581395349
Sample,24.606654334950697,2.1280170916270107,0.9090909090909091
RIE,2390.1534422956083,4292.98725367304,0.9090909090909091
RIE_IW,1018.6326960654137,1594.8331597312429,0.9090909090909091
Clipped,0.9759046689922654,0.0024944442790440654,0.9090909090909091
Kendall,0.9837022392459887,0.002328799929662055,0.9090909090909091
TMFG,0.9887081584978307,0.0008674017868345221,0.9090909090909091
Sample,17.7001015405995,1.1100733803782117,0.8888888888888888
RIE,2147.4165835609015,3221.2699782134414,0.8888888888888888
RIE_IW,1410.8256204951988,2039.1320503009354,0.8888888888888888
Clipped,0.9745594933498289,0.0023186018496035394,0.8888888888888888
Kendall,0.9830995192620396,0.0019134815671536184,0.8888888888888888
TMFG,0.9879746944459146,0.0009927890245037757,0.8888888888888888
Sample,13.784735834521564,0.972839932786515,0.8695652173913043
RIE,4184.297169924719,15456.130820633702,0.8695652173913043
RIE_IW,2539.1366049523876,8352.193203474751,0.8695652173913043
Clipped,0.9768738161123285,0.002997693844923469,0.8695652173913043
Kendall,0.9842536956833986,0.002543495413299746,0.8695652173913043
TMFG,0.9891482800310079,0.0011871436495093208,0.8695652173913043
Sample,11.251879233815256,0.7093259223679934,0.851063829787234
RIE,1527.8454199658634,2551.178238343272,0.851063829787234
RIE_IW,1264.726705660261,2008.1511607205168,0.851063829787234
Clipped,0.9762159197193323,0.0020151748022642973,0.851063829787234
Kendall,0.9842055539106062,0.0017588575648872621,0.851063829787234
TMFG,0.9890484138163322,0.000817536710580753,0.851063829787234
Sample,9.223765194727502,0.5975727058963538,0.8333333333333334
RIE,5505.467271840115,12687.221856046397,0.8333333333333334
RIE_IW,4617.684244160283,9737.60302383692,0.8333333333333334
Clipped,0.9761790966666547,0.003089857981661105,0.8333333333333334
Kendall,0.9845863819904231,0.0026063252498834213,0.8333333333333334
TMFG,0.9889034104080675,0.0011204085615421024,0.8333333333333334
Sample,7.818144802525292,0.49117332100614663,0.8163265306122449
RIE,10716.12706155042,29172.039527471537,0.8163265306122449
RIE_IW,9673.058245739412,25019.58534443782,0.8163265306122449
Clipped,0.9768541006211215,0.0034816174380237794,0.8163265306122449
Kendall,0.9849273993237738,0.0030437463637290538,0.8163265306122449
TMFG,0.9893791296374458,0.0010927517916531234,0.8163265306122449
Sample,6.926340557726724,0.3170609145034891,0.8
RIE,74695.83756742252,109709.01861486594,0.8
RIE_IW,74454.51493458367,109189.73006298239,0.8
Clipped,0.9742934249278559,0.002426910138934397,0.8
Kendall,0.9828236305038526,0.0022259716575167335,0.8
TMFG,0.9879746427765735,0.0009570883652952036,0.8
Sample,6.113421749871739,0.3041619691705142,0.7843137254901961
RIE,2899.741842777069,5778.940015882941,0.7843137254901961
RIE_IW,2632.7647180529266,5112.235175502749,0.7843137254901961
Clipped,0.9771534238480843,0.002190470709943604,0.7843137254901961
Kendall,0.9849973588868367,0.001966881244017002,0.7843137254901961
TMFG,0.9893979779710237,0.0006273905227328776,0.7843137254901961
Sample,5.33121582107072,0.250692461491979,0.7692307692307693
RIE,952.7808023116369,1303.1033415448926,0.7692307692307693
RIE_IW,800.6112294447605,1068.4927403022066,0.7692307692307693
Clipped,0.9766888303193781,0.0022647717720316904,0.7692307692307693
Kendall,0.9851679603246297,0.0020756274464452454,0.7692307692307693
TMFG,0.9894282121343705,0.0008180673361889014,0.7692307692307693
Sample,4.855450018584226,0.29312069954047654,0.7547169811320755
RIE,342.33350107907245,487.8928335647391,0.7547169811320755
RIE_IW,278.4673151427396,380.4827130326558,0.7547169811320755
Clipped,0.9752301585102391,0.0019859754706721203,0.7547169811320755
Kendall,0.9840254963167026,0.0017529532102075575,0.7547169811320755
TMFG,0.9888458719534311,0.0009031208474903225,0.7547169811320755
Sample,4.397333921522516,0.21301923877349646,0.7407407407407407
RIE,182.21841684880278,169.8562287949011,0.7407407407407407
RIE_IW,138.20642378638382,115.82529138042959,0.7407407407407407
Clipped,0.9750405826034514,0.0022433378833932377,0.7407407407407407
Kendall,0.9839683459171422,0.001825186233045296,0.7407407407407407
TMFG,0.9887072445156403,0.000860831356941122,0.7407407407407407
Sample,4.022075111767605,0.18531808756200588,0.7272727272727273
RIE,292.56665256851517,360.21006500574896,0.7272727272727273
RIE_IW,197.14240648421526,229.24809369580964,0.7272727272727273
Clipped,0.9768715147074288,0.0020765691109332074,0.7272727272727273
Kendall,0.9854845415648537,0.0020350615433648665,0.7272727272727273
TMFG,0.9896745523627892,0.000849833610627464,0.7272727272727273
Sample,3.7394113343646596,0.15724049909981305,0.7142857142857143
RIE,187.6869798110189,245.274680346089,0.7142857142857143
RIE_IW,123.05282381831039,150.93707866230721,0.7142857142857143
Clipped,0.975552708234047,0.0025074003618182038,0.7142857142857143
Kendall,0.9846562264142221,0.0020599223498661058,0.7142857142857143
TMFG,0.9893001887082308,0.000884647597470974,0.7142857142857143
Sample,3.401118310043641,0.1628517469316137,0.7017543859649122
RIE,100.14992838608762,101.48545719164885,0.7017543859649122
RIE_IW,67.98584488433843,62.29200483134178,0.7017543859649122
Clipped,0.9751452598355539,0.0020148691953199172,0.7017543859649122
Kendall,0.9841237787161388,0.0018450425096588345,0.7017543859649122
TMFG,0.9887369812393563,0.0009435210689706519,0.7017543859649122
Sample,3.1463739600506337,0.17225111440201543,0.6896551724137931
RIE,137.40891518196906,224.45892349788122,0.6896551724137931
RIE_IW,83.2254062638132,123.34085790655661,0.6896551724137931
Clipped,0.9749827539016848,0.0023409578130922397,0.6896551724137931
Kendall,0.9842032912869632,0.0019584564601712717,0.6896551724137931
TMFG,0.9889505575628855,0.0007413776999403382,0.6896551724137931
Sample,2.982593658730621,0.13797511056272233,0.6779661016949152
RIE,89.24724768487,120.35797792270718,0.6779661016949152
RIE_IW,57.202027188491456,72.42690920310518,0.6779661016949152
Clipped,0.9754964644300073,0.0017209493267937369,0.6779661016949152
Kendall,0.9847598815681027,0.001508773473350197,0.6779661016949152
TMFG,0.9892217421849988,0.0008872241168526998,0.6779661016949152
Sample,2.726400416435854,0.10681131503844282,0.6666666666666666
RIE,118.11874309289425,293.2301157318252,0.6666666666666666
RIE_IW,61.962475689282606,127.05218456815103,0.6666666666666666
Clipped,0.9761386335273503,0.0025523478078775153,0.6666666666666666
Kendall,0.9849263949287259,0.002123508299981684,0.6666666666666666
TMFG,0.989390930575221,0.0006893902308277418,0.6666666666666666
Sample,2.60572623879345,0.11250339598749685,0.6557377049180327
RIE,74.82277991762035,94.37868414346813,0.6557377049180327
RIE_IW,45.037113875587735,53.060223303180386,0.6557377049180327
Clipped,0.9755251908311361,0.0025425625265553986,0.6557377049180327
Kendall,0.985111958021075,0.0021074047189796508,0.6557377049180327
TMFG,0.9893959092165211,0.0009696707344805018,0.6557377049180327
Sample,2.4652566477122315,0.11721491576499697,0.6451612903225806
RIE,91.83497112527458,265.6818855012268,0.6451612903225806
RIE_IW,42.885379770104095,94.98341755309339,0.6451612903225806
Clipped,0.9759883328170551,0.002398098892708724,0.6451612903225806
Kendall,0.9852452050747845,0.0018458507341864302,0.6451612903225806
TMFG,0.9897624842486333,0.0007894872305196866,0.6451612903225806
Sample,2.277884821040679,0.08940640632756083,0.6349206349206349
RIE,31.639439156474797,27.742990970550657,0.6349206349206349
RIE_IW,20.138460370334403,16.339482222865534,0.6349206349206349
Clipped,0.9748742379916362,0.0017284240928078399,0.6349206349206349
Kendall,0.9844942409571595,0.0013989206282307221,0.6349206349206349
TMFG,0.9892625702542731,0.0008038462649055375,0.6349206349206349
Sample,2.176740613781074,0.08156346921038117,0.625
RIE,53.89718872063686,75.36337500925822,0.625
RIE_IW,32.233374724704845,42.18789839181173,0.625
Clipped,0.9745763233483865,0.0019024479743650193,0.625
Kendall,0.9845900881002561,0.0018146570917506892,0.625
TMFG,0.9891548551066988,0.0008214380582103925,0.625
Sample,2.0598266384135857,0.08318935497459645,0.6153846153846154
RIE,45.4138693539044,80.62870534466865,0.6153846153846154
RIE_IW,27.14840741099214,45.33006030561567,0.6153846153846154
Clipped,0.9751877309471212,0.002265103198589209,0.6153846153846154
Kendall,0.9846769606426562,0.001954867322587394,0.6153846153846154
TMFG,0.9892696405062622,0.0010360547661242858,0.6153846153846154
Sample,1.9906228735717215,0.08045681560450008,0.6060606060606061
RIE,42.009393666713756,81.33686760234507,0.6060606060606061
RIE_IW,25.363000098133487,48.030347306069956,0.6060606060606061
Clipped,0.9747878100205941,0.001983257096086893,0.6060606060606061
Kendall,0.9847756846856598,0.0014656610576284476,0.6060606060606061
TMFG,0.9893655026683081,0.0007532567276465782,0.6060606060606061
Sample,1.8926972884423163,0.09046123710460804,0.5970149253731343
RIE,103.85193256088832,289.3837342597249,0.5970149253731343
RIE_IW,44.033640065375444,105.658892545712,0.5970149253731343
Clipped,0.9756889952692263,0.003306896273858129,0.5970149253731343
Kendall,0.9852673789942185,0.0024955045529076792,0.5970149253731343
TMFG,0.9893003498105551,0.0008035616380212299,0.5970149253731343
Sample,1.8003064089340548,0.0770412785949385,0.5882352941176471
RIE,28.405868581825665,50.74789004438975,0.5882352941176471
RIE_IW,16.67126906970523,27.16933036121487,0.5882352941176471
Clipped,0.974959035618601,0.001778689793561217,0.5882352941176471
Kendall,0.9850582517848487,0.0014614106600478833,0.5882352941176471
TMFG,0.9894938922678953,0.0007342251968643675,0.5882352941176471
Sample,1.7140930999525712,0.09596420704279852,0.5797101449275363
RIE,52.91957769782669,183.61858012693966,0.5797101449275363
RIE_IW,23.92727430728809,65.43633373824711,0.5797101449275363
Clipped,0.9756113549263622,0.002285782761387392,0.5797101449275363
Kendall,0.9855406592112802,0.0018516985053407989,0.5797101449275363
TMFG,0.9895256107444345,0.000701982575845989,0.5797101449275363
Sample,1.6369137174044106,0.06597088886020115,0.5714285714285714
RIE,43.030865709507545,104.59044049656397,0.5714285714285714
RIE_IW,23.740935048557844,50.78197562533143,0.5714285714285714
Clipped,0.9755230390886813,0.0019743393551211134,0.5714285714285714
Kendall,0.985364745490208,0.001520834348432008,0.5714285714285714
TMFG,0.9895206538410825,0.0007171362082281476,0.5714285714285714
Sample,1.5380291686796137,0.0683174134160568,0.5633802816901409
RIE,39.57706047764786,65.18474704980562,0.5633802816901409
RIE_IW,22.29868967627998,33.888975207927906,0.5633802816901409
Clipped,0.9757957250462884,0.0025672448753315796,0.5633802816901409
Kendall,0.9855243212500522,0.002089419726819527,0.5633802816901409
TMFG,0.9896886822164657,0.0008682926799850252,0.5633802816901409
Sample,1.5161555357873604,0.05234817633011646,0.5555555555555556
RIE,35.27460858155741,116.99573200994676,0.5555555555555556
RIE_IW,18.861784575189002,55.355017466010786,0.5555555555555556
Clipped,0.974801418003316,0.002207964672809465,0.5555555555555556
Kendall,0.9848387276584348,0.0017303237195565068,0.5555555555555556
TMFG,0.9892410606443233,0.0007341304919285971,0.5555555555555556
Sample,1.4351604686569857,0.06288108487780295,0.547945205479452
RIE,11.815709572821428,13.04461192935986,0.547945205479452
RIE_IW,7.585195728286046,8.149086122439382,0.547945205479452
Clipped,0.9749327960699985,0.00158403336659329,0.547945205479452
Kendall,0.9851263886105084,0.0012597521469217264,0.547945205479452
TMFG,0.989427238474798,0.0006919960896995126,0.547945205479452
Sample,1.3924575022393273,0.06563749612443344,0.5405405405405406
RIE,10.057383107670335,9.439424702771177,0.5405405405405406
RIE_IW,6.494390120560834,5.239262546372303,0.5405405405405406
Clipped,0.9737333993894571,0.0018262686387095445,0.5405405405405406
Kendall,0.9843263335100977,0.0014566140275380944,0.5405405405405406
TMFG,0.988938160402986,0.0008048303165434771,0.5405405405405406
Sample,1.3473664236511234,0.06462608299272284,0.5333333333333333
RIE,19.100294015349526,47.971649310274074,0.5333333333333333
RIE_IW,10.149364616016292,21.076817093724642,0.5333333333333333
Clipped,0.9751333618452083,0.0024232543822798078,0.5333333333333333
Kendall,0.9855808110259316,0.0019972632643437942,0.5333333333333333
TMFG,0.9898653316525636,0.0008041271617176306,0.5333333333333333
Sample,1.2970317198513621,0.06157878074036914,0.5263157894736842
RIE,7.674567424106152,5.797718394322972,0.5263157894736842
RIE_IW,5.080462074698687,3.6439999659025024,0.5263157894736842
Clipped,0.9735199244147156,0.001845421250249508,0.5263157894736842
Kendall,0.9841997206844318,0.0016327798203982552,0.5263157894736842
TMFG,0.989091364250134,0.0007876665212745516,0.5263157894736842
Sample,1.2459329725462676,0.045388138660774874,0.5194805194805194
RIE,11.687730099231908,12.491984707627743,0.5194805194805194
RIE_IW,7.275315414268591,7.168248177294787,0.5194805194805194
Clipped,0.9739231039884946,0.001810337252741868,0.5194805194805194
Kendall,0.9848862430582592,0.001436191653164497,0.5194805194805194
TMFG,0.9892741110523965,0.0006748111366694136,0.5194805194805194
Sample,1.2066075037692978,0.060553733812005,0.5128205128205128
RIE,16.032450013109973,37.56183071903945,0.5128205128205128
RIE_IW,8.787773375838421,17.452060962473958,0.5128205128205128
Clipped,0.9737854335541933,0.002860346428001974,0.5128205128205128
Kendall,0.9846307712857753,0.0022497166119175315,0.5128205128205128
TMFG,0.9891462937218315,0.0009751087648999724,0.5128205128205128
Sample,1.1510382145568028,0.04894679981946508,0.5063291139240507
RIE,15.811372101254761,36.75108481218807,0.5063291139240507
RIE_IW,8.301759775241782,15.280336588078823,0.5063291139240507
Clipped,0.975815483904374,0.0028518735677649865,0.5063291139240507
Kendall,0.9860369305019296,0.002213713524043707,0.5063291139240507
TMFG,0.9899564068654956,0.0008790241199084666,0.5063291139240507
Sample,1.1282480426148092,0.0499122959130349,0.5
RIE,7.833043332901027,7.780357383371395,0.5
RIE_IW,5.290249095266772,5.028402611012122,0.5
Clipped,0.9742143025987572,0.002011152070881259,0.5
Kendall,0.9850875071044156,0.0015463732458572122,0.5
TMFG,0.9895280448992061,0.0006838191869880272,0.5
